id_localidad,nombre,partido,municipio,codigo_postal,latitud,longitud
9224,"1 DE MAYO",URUGUAY,"1 DE MAYO",3263,-32.2570120,-58.4227290
9044,"20 DE SEPTIEMBRE",NOGOYA,"20 DE SETIEMBRE",3158,-32.3866240,-59.6630740
9171,ACHIRAS,URUGUAY,,3246,,
18646,"AERO CLUB CANAL",GUALEGUAYCHU,,2823,,
8907,ALARCON,GUALEGUAYCHU,,2852,-33.1545051,-58.9889011
8879,ALBARDON,GUALEGUAY,,2840,,
18349,ALBARIÑO,FEDERACION,,3183,,
9172,"ALBERTO GERCHUNOFF",URUGUAY,,3170,,
8981,ALCARACITO,"LA PAZ",,3142,,
8984,"ALCARAZ 1RO","LA PAZ",,3144,,
8982,"ALCARAZ 2DO","LA PAZ",,3138,-31.3424473,-59.6554527
8985,"ALCARAZ NORTE","LA PAZ","ALCARAZ NORTE",3136,-31.3174280,-59.6598430
8986,"ALCARAZ SUD","LA PAZ","ALCARAZ SUR",3137,-31.4642450,-59.8419310
19631,ALCETE,PARANA,,3127,,
8880,"ALDEA ASUNCION",GUALEGUAY,"ALDEA ASUNCION",2841,-32.8251720,-59.2312380
8775,"ALDEA BRASILERA",DIAMANTE,"ALDEA BRASILERA",3101,-31.8922860,-60.5917980
19636,"ALDEA CHALECO",PARANA,,3116,,
19642,"ALDEA CUESTA",PARANA,,3116,,
19649,"ALDEA EIGENFELD",PARANA,"ALDEA EIGENFELD",3116,-31.8854130,-60.2344480
8783,"ALDEA GRAPSCHENTAL",DIAMANTE,"ALDEA GRAPSCHENTAL",3114,-31.9563720,-60.4961050
9075,"ALDEA MARIA LUISA",PARANA,"ALDEA MARIA LUISA",3114,-31.8847290,-60.4087460
8776,"ALDEA PROTESTANTE",DIAMANTE,"ALDEA PROTESTANTE",3101,-32.0279351,-60.5624595
8777,"ALDEA SALTO",DIAMANTE,"ALDEA SALTO",3101,-31.9260360,-60.5483850
8908,"ALDEA SAN ANTONIO",GUALEGUAYCHU,"ALDEA SAN ANTONIO",2826,-32.6261063,-58.7027168
27827,"ALDEA SAN ANTONIO",PARANA,"ALDEA SAN ANTONIO",3117,-31.8537980,-60.1725460
18180,"ALDEA SAN FRANCISCO",DIAMANTE,,3101,-31.9625681,-60.6357135
20550,"ALDEA SAN GREGORIO",COLON,,3287,-31.7073586,-58.2866096
20551,"ALDEA SAN JORGE",VILLAGUAY,,3252,,
19665,"ALDEA SAN JOSE",PARANA,,3116,,
18649,"ALDEA SAN JUAN",GUALEGUAYCHU,"ALDEA SAN JUAN",2826,-32.7037890,-58.7790630
19393,"ALDEA SAN MIGUEL",NOGOYA,"ALDEA SAN MIGUEL",3116,-32.0805850,-60.1632800
9076,"ALDEA SAN RAFAEL",PARANA,"ALDEA SAN RAFAEL",3116,-31.9485703,-60.2594719
18650,"ALDEA SANTA CELIA",GUALEGUAYCHU,,2826,-32.6617500,-58.7366740
9077,"ALDEA SANTA MARIA",PARANA,"ALDEA SANTA MARIA",3123,-31.6128700,-60.0070720
19396,"ALDEA SANTA MARIA",NOGOYA,,3123,,
19679,"ALDEA SANTA ROSA",PARANA,"ALDEA SANTA ROSA",3116,-32.0164540,-60.2411070
18182,"ALDEA SANTAFECINA",DIAMANTE,,3103,,
8778,"ALDEA SPATZENKUTTER",DIAMANTE,"ALDEA SPATZENKUTTER",3101,-31.9485290,-60.5803970
8779,"ALDEA VALLE MARIA",DIAMANTE,"ALDEA VALLE MARIA",3101,-31.9907436,-60.5893860
19401,"ALGARROBITOS 1RO",NOGOYA,,3150,,
9078,"ALMACEN CRISTIAN SCHUBERT",PARANA,,3111,,
19410,"ALMIRANTE IGLESIAS",NOGOYA,,3150,,
20072,"ALTAMIRANO NORTE",TALA,,3177,-31.9962038,-59.2464906
20077,"ALTAMIRANO SUD",TALA,"ALTAMIRANO SUR",3174,-32.0888340,-59.1740710
19025,ANAHI,"ISLAS DEL IBICUY",,2846,,
9239,ANTELO,VICTORIA,ANTELO,3151,-32.5338100,-60.0356970
20057,"ANTONIO TOMAS",PARANA,"ANTONIO TOMAS",3125,-31.5453250,-59.9743540
9079,"ANTONIO TOMAS SUD",PARANA,,3134,,
9045,ARANGUREN,NOGOYA,ARANGUREN,3162,-32.2443130,-60.1627988
8648,"ARROYO BARU",COLON,"ARROYO BARU",3269,-31.8680191,-58.4467049
18655,"ARROYO BRASILERO",GUALEGUAYCHU,,2805,,
18660,"ARROYO BUEN PASTOR","ISLAS DEL IBICUY",,2823,,
19685,"ARROYO BURGOS",PARANA,"ARROYO BURGOS",3133,-31.5467150,-59.7170680
18661,"ARROYO CABALLO","ISLAS DEL IBICUY",,2823,,
17099,"ARROYO CARABALLO",COLON,,3265,,
19042,"ARROYO CEIBO","LA PAZ",,3191,,
27840,"ARROYO CLE",TALA,"ARROYO CLE",2841,-32.6338910,-59.4016110
17118,"ARROYO CONCEPCION",COLON,,3287,-31.7671751,-58.1450295
27845,"ARROYO CORRALITO",PARANA,"ARROYO CORRALITO",3122,-31.5325540,-60.0503450
8909,"ARROYO DEL CURA",GUALEGUAYCHU,,2821,,
8845,"ARROYO DEL MEDIO",FEDERAL,"ARROYO DEL MEDIO",3144,-31.2729910,-59.0904180
17628,"ARROYO EL MOCHO",CONCORDIA,,3212,,
27961,"ARROYO GENA",URUGUAY,"ARROYO GENA",3272,-32.5305970,-58.5571070
17125,"ARROYO GRANDE","SAN SALVADOR",,3203,-31.5939851,-58.3711602
19046,"ARROYO HONDO","LA PAZ",,3190,-30.6036041,-59.5275199
17629,"ARROYO HONDO",CONCORDIA,,3216,,
18691,"ARROYO IBICUYCITO","ISLAS DEL IBICUY",,2805,,
20451,"ARROYO JACINTO",VICTORIA,,3101,,
18692,"ARROYO LA PACIENCIA","ISLAS DEL IBICUY",,2805,,
17631,"ARROYO LA VIRGEN",CONCORDIA,,3212,,
9080,"ARROYO LAS TUNAS",PARANA,,3111,,
27959,"ARROYO LAS TUNAS",FEDERAL,"ARROYO LAS TUNAS",3180,-30.7300650,-59.0131370
18699,"ARROYO LOS PLATOS",GUALEGUAYCHU,,2805,,
19689,"ARROYO MARIA",PARANA,,3133,,
27847,"ARROYO MATURRANGO",PARANA,"ARROYO MATURRANGO",3133,-31.6522220,-59.9766670
20131,"ARROYO MOLINO",URUGUAY,,3260,,
17632,"ARROYO MOREIRA",CONCORDIA,,3181,,
20081,"ARROYO OBISPO",TALA,,3174,-32.2084561,-59.1955428
17127,"ARROYO PALMAR",COLON,,3218,,
27846,"ARROYO PALO SECO",PARANA,"ARROYO PALO SECO",3133,-31.6066670,-59.7622220
19692,"ARROYO PANCHO",PARANA,,3111,,
18719,"ARROYO PRINCIPAL",GUALEGUAYCHU,,2823,,
18725,"ARROYO SALADO",GUALEGUAYCHU,,2823,,
18728,"ARROYO SANCHEZ CHICO",GUALEGUAYCHU,,2823,,
18729,"ARROYO SANCHEZ GRANDE",GUALEGUAYCHU,,2823,,
17129,"ARROYO URQUIZA",COLON,,3280,,
18738,"ARROYO VENERATO",GUALEGUAYCHU,,2821,,
18740,"ARROYO ZAPALLO",GUALEGUAYCHU,,2823,,
8858,ATENCIO,FELICIANO,,3187,-30.4293415,-58.7661881
9081,"AVENIDA EJERCITO PARANA",PARANA,,3100,,
8704,"AYUI PARADA",CONCORDIA,,3204,,
9082,"BAJADA GRANDE",PARANA,,3100,-31.7139111,-60.5725098
9173,"BALNEARIO PELAY",URUGUAY,,3260,,
19694,"BAÑADERO OFICIAL BURGOS",PARANA,,3100,,
19059,"BAÑADERO OFICIAL LAS GALARZAS","LA PAZ",,3137,,
8846,BANDERAS,FEDERAL,BANDERAS,3190,-30.7892410,-59.1601200
9255,"BARON HIRSCH",VILLAGUAY,,3246,,
9083,"BARRANCAS COLORADAS",PARANA,,3133,-31.6510070,-59.5644559
9174,BASAVILBASO,URUGUAY,BASAVILBASO,3170,-32.3725729,-58.8785609
9256,BELEZ,VILLAGUAY,,3252,,
18351,"BELLA UNION PARAJE",FEDERACION,,3206,,
9257,BENITEZ,VILLAGUAY,,3216,,
8705,"BENITO LEGEREN",CONCORDIA,CONCORDIA,3203,-31.4288786,-58.0768061
8649,BERDUC,COLON,,3285,-31.9227043,-58.3276385
8910,BERISSO,GUALEGUAYCHU,,2848,,
8911,"BERISSO DESVIO FCGU",GUALEGUAYCHU,,2852,,
9046,BETBEDER,NOGOYA,BETBEDER,3156,-32.3741010,-59.9380820
8805,BIZCOCHO,FEDERACION,,3206,,
19433,"BOCA DEL TIGRE",NOGOYA,,3150,,
19703,"BOCA DEL TIGRE APEADERO FCGU",PARANA,,3116,,
8882,"BOCA GUALEGUAY",GUALEGUAY,,2840,,
8987,BONALDI,"LA PAZ",,3191,,
8988,BOVRIL,"LA PAZ",BOVRIL,3142,-31.3436241,-59.4466934
27879,"BRAZO LARGO","ISLAS DEL IBICUY",,1647,-33.7744655,-58.6085770
8913,BRITOS,GUALEGUAYCHU,,2824,,
18593,"BUENA VISTA PARAJE",GUALEGUAY,,2840,,
8806,"CABI MONDA",FEDERACION,,3228,,
8706,CALABACILLAS,CONCORDIA,,3203,,
8989,CALANDRIA,"LA PAZ",,3191,,
17141,CALERA,COLON,,3281,,
8707,"CAMBA PASO",CONCORDIA,,3201,-31.3523045,-58.0535507
19711,"CAMINO A DIAMANTE KM 1",PARANA,,3100,,
20553,"CAMPO DE VILLAMIL",VILLAGUAY,,3241,,
17647,"CAMPO DOMINGUEZ",CONCORDIA,,3212,,
19442,"CAMPO ESCALES",NOGOYA,,3156,,
9258,"CAMPO MORENO",VILLAGUAY,,3252,,
18187,"CAMPO RIQUELME",DIAMANTE,,3101,,
27937,CAMPS,DIAMANTE,"ESTACION CAMPS",3164,-32.1102448,-60.2303505
8650,"CAÑADA DE LAS OVEJAS",COLON,,3267,,
27756,"CAÑADA DEL CERRO",FEDERACION,,3228,,
19726,"CAÑADA GRANDE",PARANA,,3111,,
18750,"CANAL PRINCIPAL",GUALEGUAYCHU,,2823,,
8651,"CANTERA LA CONSTANCIA",COLON,,3287,,
9175,CARAGUATA,URUGUAY,,3248,,
17653,CARPINCHORIS,FEDERAL,,3183,,
8780,CARRIZAL,DIAMANTE,,3101,,
9176,CASEROS,URUGUAY,CASEROS,3262,-32.4629898,-58.4776344
8859,CATALOTTI,FELICIANO,,3187,,
8914,CEIBAL,GUALEGUAYCHU,,2823,,
8915,CEIBAS,"ISLAS DEL IBICUY",CEIBAS,2823,-33.4994120,-58.8003540
9177,CENTELLA,URUGUAY,,3261,,
19098,"CENTENARIO LA PAZ","LA PAZ",,3263,,
8990,"CENTENARIO PARANA","LA PAZ",,3190,,
9084,"CENTRO COMUNITARIO CNIA NUE",PARANA,,3118,,
9085,CERRITO,PARANA,CERRITO,3122,-31.5823021,-60.0771065
8883,CHACRAS,GUALEGUAY,,2840,,
8807,CHAJARI,FEDERACION,CHAJARI,3228,-30.7533760,-57.9850311
8847,CHAÑAR,FEDERAL,,3181,,
8860,CHAÑAR,FELICIANO,"DISTRITO CHAÑAR",3187,-30.3081580,-58.8180690
9086,"CHAÑAR MARIA GRANDE PRIMERA",PARANA,,3111,,
8809,"CHAVIYU COLONIA FLORES",FEDERACION,,3204,,
8808,"CHAVIYU PARADA FCGU",FEDERACION,,3206,,
9240,CHILCAS,VICTORIA,CHILCAS,3162,-32.3122920,-60.3112590
9047,CHIQUEROS,NOGOYA,"DISTRITO CHIQUEROS",3158,-32.1729790,-59.5634130
8861,CHIRCALITO,FELICIANO,,3187,,
9259,CLARA,VILLAGUAY,,3252,,
8708,"CLODOMIRO LEDESMA",CONCORDIA,"CLODOMIRO LEDESMA",3203,-31.5794030,-58.1813680
8714,"CNIA JUSTO JOSE DE URQUIZA",CONCORDIA,,3212,,
8781,"COLEGIO ADVENTISTA DEL PLATA",DIAMANTE,,3103,,
8652,COLON,COLON,COLON,3280,-32.2223740,-58.1422615
27752,"COLONIA 1 DE MAYO",COLON,,3265,,
9178,"COLONIA 1 DE MAYO",URUGUAY,,3272,,
9179,"COLONIA 5 ENSANCHE DE MAYO",URUGUAY,,3281,,
9260,"COLONIA ACHIRAS",VILLAGUAY,,3246,,
8709,"COLONIA ADELA",CONCORDIA,CONCORDIA,3201,-31.4037426,-58.0394128
27764,"COLONIA ADIVINOS",VILLAGUAY,"COLONIA ADIVINO",3142,-31.3169260,-59.3085670
8991,"COLONIA ALCARCITO","LA PAZ",,3138,,
8810,"COLONIA ALEMANA",FEDERACION,"COLONIA ALEMANA",3228,-30.8961590,-58.0221580
9048,"COLONIA ALGARRABITOS",NOGOYA,,3156,,
8653,"COLONIA AMBIS",COLON,,3269,,
9241,"COLONIA ANGELA",VICTORIA,,3151,,
9087,"COLONIA ARGENTINA",FEDERACION,"COLONIA LA ARGENTINA",3118,,
9180,"COLONIA ARROYO URQUIZA",URUGUAY,,3281,,
28036,"COLONIA AVELLANEDA",PARANA,"COLONIA AVELLANEDA",3107,,
8992,"COLONIA AVIGDOR","LA PAZ","COLONIA AVIGDOR",3142,-31.1853380,-59.4079820
27757,"COLONIA AYLMAN",FEDERACION,,3228,,
8710,"COLONIA AYUI",CONCORDIA,"COLONIA AYUI",3201,-31.2050900,-58.0338900
9261,"COLONIA BARON HIRSCH",VILLAGUAY,,3246,,
8654,"COLONIA BAYLINA","SAN SALVADOR","COLONIA BAYLINA",3269,-31.7872210,-58.5337430
9262,"COLONIA BELEZ",VILLAGUAY,,3252,-31.8453064,-58.8293152
20147,"COLONIA BELGA AMERICANA",URUGUAY,,3244,,
8811,"COLONIA BELGRANO",FEDERACION,,3228,-30.8167031,-58.0246207
9263,"COLONIA BERRO",VILLAGUAY,,3128,-31.5983269,-58.5753856
27747,"COLONIA BERTOZZI","LA PAZ",,3192,,
8812,"COLONIA BIZCOCHO",FEDERACION,,3206,,
8993,"COLONIA BUENA VISTA","LA PAZ",,3190,-30.8518802,-59.5051228
8711,"COLONIA CAMPOS",CONCORDIA,,3216,,
8655,"COLONIA CARABALLO",COLON,,3265,,
9264,"COLONIA CARLOS CALVO",VILLAGUAY,,3252,,
9265,"COLONIA CARMEL",VILLAGUAY,,3246,,
9181,"COLONIA CARMELO",URUGUAY,,3263,,
19108,"COLONIA CARRASCO","LA PAZ","COLONIA CARRASCO",3190,-31.3372570,-59.5576580
9088,"COLONIA CELINA",PARANA,"COLONIA CELINA",3113,-31.5981960,-60.2268760
9089,"COLONIA CENTENARIO",PARANA,,3109,-31.8589878,-59.9848747
9126,"COLONIA CERRITO",PARANA,"COLONIA CERRITO",3122,-31.5872800,-60.0603580
9090,"COLONIA CRESPO",PARANA,"COLONIA CRESPO",3118,-31.6777730,-60.2436880
9182,"COLONIA CRUCESITAS",URUGUAY,,3263,,
9183,"COLONIA CUPALEN",URUGUAY,,3261,,
8712,"COLONIA CURBELO",CONCORDIA,,3216,,
8916,"COLONIA DELTA",GUALEGUAYCHU,,2805,,
8813,"COLONIA DON BOSCO",FEDERACION,,3204,,
9160,"COLONIA DUPORTAL",TALA,,2845,,
20575,"COLONIA EGIDO",VILLAGUAY,,3240,,
8656,"COLONIA EL CARMEN",COLON,,3267,-32.0489063,-58.3969226
18760,"COLONIA EL POTRERO",GUALEGUAYCHU,,2820,,
9184,"COLONIA ELIA",URUGUAY,"COLONIA ELIA",3261,-32.6723720,-58.3251190
9185,"COLONIA ELISA",URUGUAY,,3260,,
17184,"COLONIA ELISA",COLON,,3265,,
17205,"COLONIA EMILIO GOUCHON",COLON,,3269,,
9186,"COLONIA ENSANCHE MAYO",URUGUAY,,3263,,
8814,"COLONIA ENSANCHE SAUCE",FEDERACION,,3208,-30.8567133,-57.8648918
8782,"COLONIA ENSAYO",DIAMANTE,"COLONIA ENSAYO",3101,-31.8672570,-60.5752900
20576,"COLONIA ESPINDOLA",VILLAGUAY,,3252,-31.9034681,-58.8067688
8657,"COLONIA F SILLEN",COLON,,3269,,
8848,"COLONIA FALCO",FEDERAL,,3188,,
20578,"COLONIA FEIMBERG",VILLAGUAY,,3252,,
8815,"COLONIA FLORES",FEDERACION,,3206,-31.0424697,-57.9225823
8994,"COLONIA FONTANINI","LA PAZ",,3191,,
8816,"COLONIA FRAZER",FEDERACION,,3228,,
8817,"COLONIA FREITAS",FEDERACION,,3229,-30.7555523,-58.0524406
8917,"COLONIA GDOR BASAVILBASO",GUALEGUAYCHU,,2824,,
8713,"COLONIA GENERAL ROCA",CONCORDIA,"COLONIA GENERAL ROCA",3201,-31.3244070,-58.1214100
9187,"COLONIA GRAL URQUIZA",URUGUAY,,3263,,
8818,"COLONIA GUALEGUAYCITO",FEDERACION,,3206,-31.0302162,-57.9368629
20579,"COLONIA GUIBURG",VILLAGUAY,,3252,,
9266,"COLONIA HEBREA",VILLAGUAY,,3216,,
9091,"COLONIA HERNANDARIAS",PARANA,,3129,-31.2324500,-59.9872580
9092,"COLONIA HIGUERA",PARANA,,3138,,
8658,"COLONIA HOCKER",COLON,HOCKER,3265,-32.0874958,-58.3417058
8659,"COLONIA HUGHES",COLON,COLON,3281,-32.2942696,-58.2328911
9267,"COLONIA IDA",VILLAGUAY,,3246,,
8918,"COLONIA ITALIANA",GUALEGUAYCHU,,2824,-32.8085399,-58.9936249
17681,"COLONIA JORGE FINK",CONCORDIA,,3181,,
18357,"COLONIA LA ARGENTINA",FEDERACION,,3206,-31.0793000,-58.0154990
9268,"COLONIA LA ARMONIA",VILLAGUAY,,3216,,
20581,"COLONIA LA BLANQUITA",VILLAGUAY,,3254,-31.6204444,-58.7818120
8995,"COLONIA LA DELIA","LA PAZ",,3190,,
9269,"COLONIA LA ESPERANZA",VILLAGUAY,,3216,,
19752,"COLONIA LA GAMA",PARANA,,3136,-31.4805903,-59.6753055
8819,"COLONIA LA GLORIA",FEDERACION,,3204,-31.0659142,-58.0929239
9049,"COLONIA LA LLAVE",NOGOYA,,3158,-32.5294404,-59.5822698
27748,"COLONIA LA MARTA",FEDERAL,,3185,-31.0363076,-58.8096062
8820,"COLONIA LA MATILDE",FEDERACION,,3208,,
8862,"COLONIA LA MATILDE",FELICIANO,,3287,,
9270,"COLONIA LA MORA","SAN SALVADOR",,3216,,
20584,"COLONIA LA MORENITA",VILLAGUAY,,3254,,
20586,"COLONIA LA PAMPA",VILLAGUAY,,3254,,
8821,"COLONIA LA PAZ",FEDERACION,,3206,-31.0384906,-58.1621611
8996,"COLONIA LA PROVIDENCIA","LA PAZ","LA PROVIDENCIA",3137,-31.2468290,-59.7497000
8716,"COLONIA LA QUINTA",CONCORDIA,,3216,,
9271,"COLONIA LA ROSADA",VILLAGUAY,,3252,-31.8581961,-58.9146716
8822,"COLONIA LAMARCA",FEDERACION,,3206,,
19122,"COLONIA LAS GAMAS","LA PAZ",,3190,,
8660,"COLONIA LAS PEPAS",COLON,,3267,-32.1001376,-58.6269007
20160,"COLONIA LEVEN",URUGUAY,,3244,,
8717,"COLONIA LOMA NEGRA",CONCORDIA,,3112,,
9272,"COLONIA LOPEZ",VILLAGUAY,,3218,,
17703,"COLONIA LOS SAUCES",CONCORDIA,,3200,-31.3396963,-58.3951887
9188,"COLONIA LUCA",URUGUAY,,3261,,
9189,"COLONIA LUCIENVILLE",URUGUAY,,3170,-32.5185745,-58.8504834
9190,"COLONIA LUCRECIA",URUGUAY,,3248,,
8661,"COLONIA MABRAGAÑA",COLON,,3283,-32.0954044,-58.2916115
9093,"COLONIA MARIA LUISA",PARANA,,3114,,
19127,"COLONIA MAXIMO CASTRO","LA PAZ",,3190,-30.8095330,-59.4414694
19659,"COLONIA MEROU",PARANA,"COLONIA MEROU",3116,-31.9005080,-60.3016850
9273,"COLONIA MIGUEL",VILLAGUAY,,3246,,
9191,"COLONIA N 1",URUGUAY,,3170,,
9192,"COLONIA N 2",URUGUAY,,3170,,
9193,"COLONIA N 3",URUGUAY,,3170,,
9194,"COLONIA N 4",URUGUAY,,3170,,
8718,"COLONIA NAVARRO",CONCORDIA,,3201,,
9094,"COLONIA NUEVA",PARANA,,3118,-31.6639442,-60.2737274
9274,"COLONIA NUEVA ALEMANIA",VILLAGUAY,,3218,-31.6093788,-58.8423080
9195,"COLONIA NUEVA MONTEVIDEO",URUGUAY,,2828,-32.4965337,-58.9613459
27750,"COLONIA NUEVA NORTE",COLON,,3265,,
8663,"COLONIA NUEVA SAN MIGUEL",COLON,,3267,-32.0616313,-58.5539444
27751,"COLONIA NUEVA SUR",COLON,"VILLA ELISA",3265,,
8662,"COLONIA NUEVA SUR",COLON,"SAN JOSE",3281,,
8823,"COLONIA OFICIAL N 1 LA FLORIDA",FEDERACION,,3228,,
19150,"COLONIA OFICIAL N 11","LA PAZ",,3190,,
8997,"COLONIA OFICIAL N 13","LA PAZ","COLONIA OFICIAL N 13",3191,-30.6792000,-59.1646000
8998,"COLONIA OFICIAL N 14","LA PAZ",,3191,,
8999,"COLONIA OFICIAL N 3","LA PAZ","COLONIA OFICIAL N 3 Y 14",3190,-30.5838520,-59.2605480
9095,"COLONIA OFICIAL N 4",PARANA,,3134,,
8719,"COLONIA OFICIAL N 5","SAN SALVADOR","COLONIA OFICIAL N 5",3216,-31.5755830,-58.3343960
9196,"COLONIA OFICIAL N 6",URUGUAY,,3261,,
9000,"COLONIA OUGRIE","LA PAZ",,3138,,
8784,"COLONIA PALMAR",DIAMANTE,,3101,,
8664,"COLONIA PEREIRA",COLON,,3272,-32.3010648,-58.2790408
9197,"COLONIA PERFECCION",URUGUAY,,3260,-32.4757182,-58.2989856
9275,"COLONIA PERLIZA",VILLAGUAY,,3246,,
9096,"COLONIA REFFINO",PARANA,"COLONIA REFFINO",3114,-31.9365047,-60.3745392
9097,"COLONIA RIVADAVIA",PARANA,,3123,-31.6190642,-60.1354127
8785,"COLONIA RIVAS",DIAMANTE,,3164,,
8665,"COLONIA SAENZ VALIENTE",COLON,,3287,,
9198,"COLONIA SAGASTUME",URUGUAY,,3246,-32.0500102,-58.7498990
8666,"COLONIA SAN ANTONIO",COLON,,3212,-31.7879816,-58.2698463
9199,"COLONIA SAN ANTONIO",URUGUAY,,3269,,
8720,"COLONIA SAN BONIFACIO",CONCORDIA,,3212,,
9200,"COLONIA SAN CIPRIANO",URUGUAY,,3263,,
17303,"COLONIA SAN ERNESTO","SAN SALVADOR","SAN ERNESTO",3254,-31.8376300,-58.6334410
8667,"COLONIA SAN FRANCISCO",COLON,,3283,-32.0863190,-58.3976097
8668,"COLONIA SAN IGNACIO",COLON,,3267,,
9276,"COLONIA SAN JORGE",VILLAGUAY,,3252,-31.8547097,-58.7400968
9201,"COLONIA SAN JORGE",URUGUAY,,3263,,
8669,"COLONIA SAN JOSE",COLON,,3218,,
9098,"COLONIA SAN JUAN",PARANA,,3123,-31.9972781,-60.3596490
27957,"COLONIA SAN JUSTO",CONCORDIA,"COLONIA SAN JUSTO",3204,-31.0856890,-58.2355000
27758,"COLONIA SAN LORENZO",FEDERAL,,3181,-31.1557437,-58.9181622
9277,"COLONIA SAN MANUEL",VILLAGUAY,,3246,,
9099,"COLONIA SAN MARTIN",PARANA,,3113,-31.5382104,-60.1643300
8670,"COLONIA SAN MIGUEL",COLON,,3265,-31.9936100,-58.5509522
18359,"COLONIA SAN RAMON",FEDERACION,"SAN RAMON",3229,-30.7974920,-58.1756380
9278,"COLONIA SANDOVAL",VILLAGUAY,,3252,,
9202,"COLONIA SANTA ANA",URUGUAY,,3261,-32.5409966,-58.3455391
8671,"COLONIA SANTA ELENA",COLON,,3269,,
18361,"COLONIA SANTA ELOISA",FEDERACION,,3206,-30.7750650,-57.8420102
18362,"COLONIA SANTA ELVIRA",FEDERACION,,3229,,
9100,"COLONIA SANTA LUISA",PARANA,,3133,-31.7679244,-59.7292500
27958,"COLONIA SANTA MARIA",FEDERACION,"CNIA SANTA MARIA Y LAS MARGARI",3228,-30.5993380,-58.1858010
8672,"COLONIA SANTA ROSA",COLON,,3267,-31.9426532,-58.6653059
9203,"COLONIA SANTA TERESITA",URUGUAY,,3263,-32.3270781,-58.5317328
8824,"COLONIA SAUCE",FEDERACION,,3261,-30.8011475,-57.9769173
9279,"COLONIA SONENFELD",VILLAGUAY,,3246,,
18765,"COLONIA STAUWER",GUALEGUAYCHU,,2820,,
9204,"COLONIA TRES DE FEBRERO",URUGUAY,,3265,,
27832,"COLONIA TUNAS",FEDERACION,"COLONIA TUNAS",3185,-30.3393894,-58.2119661
20181,"COLONIA UBAJAY",URUGUAY,,3260,,
17322,"COLONIA VAZQUEZ",COLON,,3267,-32.1090413,-58.4258972
9280,"COLONIA VELEZ",VILLAGUAY,,3252,,
8825,"COLONIA VILLA LIBERTAD",FEDERACION,,3228,-30.7392131,-57.9266590
20602,"COLONIA VILLAGUAYCITO",VILLAGUAY,,3241,,
9001,"COLONIA VIRARO","LA PAZ","COLONIA VIRARO",3142,-31.2913450,-59.4281470
8721,"COLONIA YERUA",CONCORDIA,,3201,-31.4408897,-58.1194804
9205,"CONCEPCION DEL URUGUAY",URUGUAY,"CONCEPCION DEL URUGUAY",3260,-32.4749184,-58.2433929
8722,CONCORDIA,CONCORDIA,CONCORDIA,3200,-31.3800888,-58.0198860
8849,"CONSCRIPTO BERNARDI",FEDERAL,"CONSCRIPTO BERNARDI",3188,-31.0488873,-59.0843086
8919,"COOPERATIVA BRAZO LARGO",GUALEGUAYCHU,,2823,,
8826,"COOPERATIVA GRAL SAN MARTIN",FEDERACION,,3228,,
27763,CORRALES,VICTORIA,,3151,,
9101,"CORRALES NUEVOS",PARANA,,3100,,
8863,CORREA,FELICIANO,,3187,,
8884,"COSTA DEL NOGOYA",GUALEGUAY,"DISTRITO SEXTO COSTA DE NOGOYA",3155,-32.8190880,-59.7892270
9281,"COSTA DEL PAYTICU",VILLAGUAY,,3138,,
8786,"COSTA GRANDE",DIAMANTE,"COSTA GRANDE",3101,-32.1382750,-60.4330330
8787,"COSTA GRANDE DOLL",DIAMANTE,,3101,,
8920,"COSTA SAN ANTONIO",GUALEGUAYCHU,"COSTA SAN ANTONIO",2826,-32.6875000,-58.8000000
27746,"COSTA URUGUAY NORTE",GUALEGUAYCHU,"COSTA URUGUAY NORTE",2821,-32.9805630,-58.3437700
18770,"COSTA URUGUAY SUR",GUALEGUAYCHU,"COSTA URUGUAY SUR",2821,-33.0741670,-58.5048803
9102,CRESPO,PARANA,CRESPO,3116,-32.0300751,-60.3104515
9103,"CRESPO NORTE",PARANA,,3118,,
9050,"CRUCESITAS 3 SECCION",NOGOYA,"CRUCESITAS TERCERA",3151,-32.3889000,-59.9333000
9051,"CRUCESITAS 7 SECCION",NOGOYA,"CRUCESITAS SEPTIMA",3109,-31.8833000,-60.0167000
9052,"CRUCESITAS 8 SECCION",NOGOYA,"CRUCESITAS OCTAVA",3177,-32.0405611,-59.5287951
19468,"CRUCESITAS URQUIZA",NOGOYA,"JUSTO JOSE DE URQUIZA",3150,-31.9666040,-59.9302580
19389,"CUARTO DISTRITO",GUALEGUAY,"DISTRITO CUARTO",3150,-32.6024690,-59.5576079
18596,"CUATRO BOCAS",GUALEGUAY,,2840,,
20090,"CUATRO BOCAS",TALA,,3174,,
8827,"CUATRO BOCAS",FEDERACION,,3185,-30.3655311,-58.2795224
18775,"CUATRO BOCAS PARAJE",GUALEGUAYCHU,,2820,,
8885,"CUATRO MANOS",GUALEGUAY,,2841,-32.8776789,-59.5111691
8886,CUCHILLA,GUALEGUAY,"DISTRITO PRIMERO CUCHILLA",2840,-33.0664490,-59.4106630
8921,"CUCHILLA REDONDA",GUALEGUAYCHU,"CUCHILLA REDONDA",2852,-33.0824970,-59.0927390
8723,"CUEVA DEL TIGRE",CONCORDIA,,3201,,
9206,CUPALEN,URUGUAY,,3261,,
9104,CURTIEMBRE,PARANA,CURTIEMBRE,3113,-31.4636060,-60.1679620
20603,CURUPI,VILLAGUAY,,3240,,
9002,"CURUZU CHALI","LA PAZ",,3190,,
9282,DESPARRAMADOS,VILLAGUAY,,3246,,
9105,"DESTACAMENTO GENERAL GUEMES",PARANA,,3125,,
8788,DIAMANTE,DIAMANTE,DIAMANTE,3105,-32.0674973,-60.6396790
27834,"DIEGO LOPEZ",FEDERAL,"DISTRITO DIEGO LOPEZ",3180,-31.0493810,-58.9848750
20101,"DIST RAICES AL NORTE",TALA,,3177,,
20678,"DIST RAICES AL SUD",TALA,,3177,,
19478,"DISTRITO EL SAUCE",NOGOYA,"DISTRITO SAUCE",3150,-32.2769460,-59.5020760
9106,"DISTRITO ESPINILLO",PARANA,,3107,,
9107,"DISTRITO TALA",PARANA,"DISTRITO TALA",3118,-31.7358790,-60.0445460
8922,"DOCTOR EUGENIO MUÑOZ",GUALEGUAYCHU,,2824,,
8789,"DOCTOR GARCIA",DIAMANTE,,3101,,
9053,"DON CRISTOBAL",NOGOYA,,3164,-32.0752594,-59.9943230
9054,"DON CRISTOBAL 1 SECCION",NOGOYA,"DON CRISTOBAL PRIMERO",3150,-32.1595650,-59.8157349
9055,"DON CRISTOBAL 2 SECCION",NOGOYA,"DON CRISTOBAL SEGUNDO",3162,-32.0752590,-59.9943230
9003,"DON GONZALO","LA PAZ",,3144,,
8724,"DON ROBERTO",CONCORDIA,,3212,,
8923,"DOS HERMANAS",GUALEGUAYCHU,,2854,-33.2202625,-58.8507519
9161,DURAZNO,TALA,DURAZNO,3177,-31.9858227,-59.2793274
9283,"EBEN HOROSCHA",VILLAGUAY,,3246,,
8673,"EJIDO COLON",COLON,,3281,,
8790,"EJIDO DIAMANTE",DIAMANTE,,3105,,
9004,"EJIDO SUD","LA PAZ",,3190,,
9284,"EL AVESTRUZ",VILLAGUAY,,3216,,
8674,"EL BRILLANTE",COLON,"SAN JOSE",3283,-32.1789627,-58.2147484
9005,"EL CARMEN","LA PAZ",,3190,-30.8486519,-59.3456993
20091,"EL CHAJA",TALA,,3174,,
8850,"EL CIMARRON",FEDERAL,"EL CIMARRON",3188,-30.9868630,-58.9777570
9006,"EL COLORADO","LA PAZ",,3192,,
9007,"EL CORCOVADO","LA PAZ",,3142,-31.1549282,-59.4487534
19224,"EL DIECISIETE","LA PAZ",,3190,,
8725,"EL DURAZNAL",CONCORDIA,,3212,,
17856,"EL EMBALSADO",CONCORDIA,,3183,,
19016,"EL EMPALME PARAJE","ISLAS DEL IBICUY",,2846,,
27759,"EL GATO",FEDERAL,"EL GATO LOMA LIMPIA",3180,-30.8173857,-59.0402026
9008,"EL GAUCHO","LA PAZ",,3191,,
8851,"EL GRAMIYAL",FEDERAL,"EL GRAMIYAL",3144,-31.3490530,-59.1159980
8887,"EL GUALEGUAY",GUALEGUAY,,3212,,
8726,"EL MARTILLO",CONCORDIA,CONCORDIA,3201,-31.4066470,-58.0881490
18781,"EL NUEVO RINCON",GUALEGUAYCHU,,2820,,
8852,"EL PAGO APEADERO FCGU",FEDERAL,,3212,,
9108,"EL PALENQUE",PARANA,"EL PALENQUE",3122,-31.6625750,-60.1751140
9109,"EL PINGO",PARANA,"EL PINGO",3132,-31.5838500,-59.8938070
20186,"EL POTRERO",URUGUAY,,2821,-32.9804312,-58.2630782
9056,"EL PUEBLITO",NOGOYA,,3151,-32.1595650,-59.8157349
9009,"EL QUEBRACHO","LA PAZ","EL QUEBRACHO",3192,-30.9831210,-59.6646040
9110,"EL RAMBLON",PARANA,,3109,-31.8480474,-60.0927488
8727,"EL REDOMON",CONCORDIA,"EL REDOMON",3212,-31.0958810,-58.2900640
8728,"EL REFUGIO",CONCORDIA,,3212,,
8888,"EL REMANCE",GUALEGUAY,,2840,,
9010,"EL ROSARIO","LA PAZ",,3191,,
8924,"EL SARANDI",GUALEGUAYCHU,,3191,,
18782,"EL SAUCE",GUALEGUAYCHU,,2823,,
9011,"EL SOLAR","LA PAZ","EL SOLAR SAN CARLOS BERTOZZI",3137,-31.1810120,-59.7328840
9057,"EL TALLER",NOGOYA,,3117,,
19514,"EL TROPEZON",NOGOYA,,3150,,
8729,"EMBARCADERO FERRARI",CONCORDIA,,3201,,
8925,"EMPALME HOLT",GUALEGUAYCHU,,2846,,
20607,"EMPALME NEILD",VILLAGUAY,,3240,,
8675,"ENRIQUE BERDUC",COLON,,3118,,
8926,"ENRIQUE CARBO",GUALEGUAYCHU,"ENRIQUE CARBO",2852,-33.1478480,-59.2089400
8927,ESCRIÑA,GUALEGUAYCHU,"ESTACION ESCRIÑA",2828,-32.5932360,-58.9037420
18329,"ESCUELA ALBERDI",DIAMANTE,,3114,,
19827,"ESPINILLO NORTE",PARANA,"ESPINILLO NORTE",3116,-31.7924160,-60.3106890
18330,"ESTABLECIMIENTO EL CARMEN",DIAMANTE,,3114,,
19832,"ESTABLECIMIENTO EL CIMARRON",PARANA,,3114,,
19836,"ESTABLECIMIENTO EL TALA",PARANA,,3118,,
17345,"ESTABLECIMIENTO LA CALERA",COLON,,3287,,
18331,"ESTABLECIMIENTO LA ESPERANZA",DIAMANTE,,3114,,
18332,"ESTABLECIMIENTO LAS MARGARITAS",DIAMANTE,,3114,,
17367,"ESTABLECIMIENTO LOS MONIGOTES",COLON,,3287,,
20464,"ESTABLECIMIENTO PUNTA ALTA",VICTORIA,,3155,,
20092,"ESTABLECIMIENTO SAN EDUARDO",TALA,,3177,,
20093,"ESTABLECIMIENTO SAN EUSEBIO",TALA,,3177,,
20094,"ESTABLECIMIENTO SAN FRANCISCO",TALA,,3177,,
18788,"ESTABLECIMIENTO SAN MARTIN",GUALEGUAYCHU,,2823,,
9012,ESTACAS,"LA PAZ",,3191,-30.7328298,-59.5212109
9013,"ESTACION ALCARAZ","LA PAZ",,3188,,
9111,"ESTACION GENERAL RACEDO",DIAMANTE,"EL CARMEN ESTACION RACEDO",3114,-31.9840164,-60.4083912
8734,"ESTACION ISTHILART",CONCORDIA,,3204,,
27843,"ESTACION RAICES",VILLAGUAY,"ESTACION RAICES",3241,-31.9082480,-59.2606930
18369,"ESTACION SANTA ANA",FEDERACION,,3206,,
9165,"ESTACION SOLA",TALA,,3174,-32.3372060,-59.3710910
9207,"ESTACION URQUIZA",URUGUAY,,3248,,
9208,"ESTACION URUGUAY",URUGUAY,,3260,,
8730,"ESTACION YERUA",CONCORDIA,"ESTACION YERUA",3214,-31.4694330,-58.2636680
8757,"ESTACION YUQUERI",CONCORDIA,"ESTACION YUQUERI",3214,-31.3963812,-58.1611535
20199,"ESTANCIA BELLA VISTA",URUGUAY,,3272,,
20214,"ESTANCIA CNIA LA PRIMAVERA",URUGUAY,,3272,,
20221,"ESTANCIA CNIA SANTA ELENA",URUGUAY,,3272,,
20229,"ESTANCIA CNIA STA TERESA",URUGUAY,,3272,,
20204,"ESTANCIA COLONIA EL OMBU",URUGUAY,,3272,,
20209,"ESTANCIA COLONIA EL TOROPI",URUGUAY,,3272,,
20215,"ESTANCIA COLONIA LA TAPERA",URUGUAY,,3272,,
20216,"ESTANCIA COLONIA PERIBEBUY",URUGUAY,,3272,,
20218,"ESTANCIA COLONIA SAN PEDRO",URUGUAY,,3272,,
20223,"ESTANCIA COLONIA SANTA ELOISA",URUGUAY,,3272,,
20227,"ESTANCIA COLONIA SANTA JUANA",URUGUAY,,3272,,
20233,"ESTANCIA EL TOROPI",URUGUAY,,3272,,
27753,"ESTANCIA GRANDE",CONCORDIA,"ESTANCIA GRANDE",3201,-31.4400280,-58.1246630
18371,"ESTANCIA LA FLORESTA",FEDERACION,,3206,,
19841,"ESTANCIA LA GAMA",PARANA,,3138,,
20236,"ESTANCIA LOS VASCOS",URUGUAY,,3272,,
18373,"ESTANCIA SALINAS",FEDERACION,,3229,,
18374,"ESTANCIA SAN JOSE",FEDERACION,,3206,,
19227,"ESTANCIA SAN JUAN","LA PAZ",,3190,-31.0907311,-59.7390439
27842,ESTAQUITAS,"LA PAZ",ESTAQUITAS,3191,-30.8110820,-59.5686220
8676,"FABRICA COLON",COLON,,3281,,
8928,"FAUSTINO M PARERA",GUALEGUAYCHU,"FAUSTINO M PARERA",2824,-32.8044310,-58.8826330
18795,FEBRE,NOGOYA,"GOBERNADOR FEBRE",3151,-32.4774520,-59.9217120
8829,FEDERACION,FEDERACION,FEDERACION,3206,-31.0079136,-57.8984718
8853,FEDERAL,FEDERAL,FEDERAL,3180,-30.9474621,-58.7858925
8975,FERNANDEZ,"ISLAS DEL IBICUY",,2846,,
9014,FLORESTA,"LA PAZ",,3191,,
18382,FORTUNA,FEDERACION,"LOS CONQUISTADORES",3183,-30.6565703,-58.3034233
8731,"FRIGORIFICO YUQUERI",CONCORDIA,,3203,,
18383,FRONTERAS,FEDERACION,,3185,,
9209,GENACITO,URUGUAY,,3272,,
8929,"GENERAL ALMADA",GUALEGUAYCHU,"GENERAL ALMADA",2824,-32.8376330,-58.8038160
8791,"GENERAL ALVEAR",DIAMANTE,"GENERAL ALVEAR",3101,-31.9494540,-60.6779500
8732,"GENERAL CAMPOS","SAN SALVADOR","GENERAL CAMPOS",3216,-31.5246078,-58.4047735
8889,"GENERAL GALARZA",GUALEGUAY,"GENERAL GALARZA",2843,-32.7209358,-59.3945885
8797,"GENERAL RACEDO",DIAMANTE,"AREA SIN GOBIERNO",3114,-31.9840160,-60.4083910
8792,"GENERAL RAMIREZ",DIAMANTE,"GENERAL RAMIREZ",3164,-32.1772714,-60.1985606
20240,GERIBEBUY,URUGUAY,,3248,,
8930,GILBERT,GUALEGUAYCHU,GILBERT,2828,-32.5359383,-58.9327354
9163,"GOBERNADOR ECHAGUE",TALA,"GOBERNADOR ECHAGUE",2845,-32.3911400,-59.2756310
9168,"GOBERNADOR MACIA",TALA,MACIA,3177,-32.1724414,-59.3986787
9164,"GOBERNADOR MANSILLA",TALA,"GOBERNADOR MANSILLA",2845,-32.5451469,-59.3569298
9145,"GOBERNADOR SOLA",TALA,"GOBERNADOR SOLA",3176,-32.3370285,-59.3702087
20242,"GOBERNADOR URQUIZA",URUGUAY,,3248,,
9015,GONZALEZ,"LA PAZ",,3191,,
8890,"GONZALEZ CALDERON",GUALEGUAY,"GONZALEZ CALDERON",2841,-32.9777490,-59.4121681
9210,"GRUPO ACHIRAS",URUGUAY,,3246,,
20249,"GRUPO PARRERO",URUGUAY,,3244,,
8891,GUALEGUAY,GUALEGUAY,GUALEGUAY,2840,-33.1513519,-59.3187752
8931,GUALEGUAYCHU,GUALEGUAYCHU,GUALEGUAYCHU,2820,-33.0111084,-58.5094452
8830,GUALEGUAYCITO,FEDERACION,GUALEGUAYCITO,3204,-31.0384910,-58.1621610
8892,GUALEYAN,GUALEGUAY,,2821,,
9166,GUARDAMONTE,TALA,GUARDAMONTE,3177,-32.0823593,-59.3016271
8831,GUAYAQUIL,FEDERACION,"PARAJE GUAYAQUIL",3206,-30.9834120,-58.0395490
8677,HAMBIS,COLON,HAMBIS,3269,-31.9629510,-58.5082060
9112,HASENKAMP,PARANA,HASENKAMP,3134,-31.5129948,-59.8354797
9113,HERNANDARIAS,PARANA,HERNANDARIAS,3127,-31.2324867,-59.9856377
9059,HERNANDEZ,NOGOYA,HERNANDEZ,3156,-32.3380693,-60.0301405
9211,HERRERA,URUGUAY,HERRERA,3272,-32.4346140,-58.6330140
8733,HERVIDERO,CONCORDIA,,3201,,
9242,HINOJAL,VICTORIA,HINOJAL,3162,-32.3334310,-60.1629890
20095,HIPODROMO,TALA,,3174,,
8893,"HOJAS ANCHAS",GUALEGUAY,,2840,,
8932,HOLT,GUALEGUAYCHU,,2846,,
8976,IBICUY,"ISLAS DEL IBICUY",IBICUY,2846,-33.7436829,-59.1542473
9285,"ING MIGUEL SAJAROFF",VILLAGUAY,"INGENIERO SAJAROFF",3246,-31.9569340,-58.8491170
8933,IRAZUSTA,GUALEGUAYCHU,IRAZUSTA,2852,-32.9261063,-58.9533997
9016,"ISLA CURUZU CHALI","LA PAZ",,3190,,
27899,"ISLA DEL CHARIGUE",VICTORIA,VICTORIA,2100,,
8934,"ISLA DEL IBICUY",GUALEGUAYCHU,,2823,,
8935,"ISLA EL DORADO",GUALEGUAYCHU,,2805,,
9243,"ISLA EL PILLO",VICTORIA,,3101,-32.7701450,-60.1119290
19228,"ISLA LA PAZ","LA PAZ",,3190,,
19866,"ISLA LYNCH",PARANA,,3100,,
8678,"ISLA SAN JOSE",COLON,,3287,,
19229,"ISLAS ALCARAZ","LA PAZ",,3190,,
8894,"ISLAS DE LAS LECHIGUANAS",GUALEGUAY,"ISLAS LAS LECHIGUANAS",2846,-33.5587180,-59.4805200
27754,ISLETAS,DIAMANTE,ISLETAS,3164,-32.1977250,-60.2901620
27755,"ISLETAS NORTE",DIAMANTE,,3164,,
17900,"JORGE FINK",CONCORDIA,,3181,,
8735,"JUAN B MONTI",CONCORDIA,,3201,,
8679,"JUAN JORGE",COLON,,3285,,
9286,JUBILEO,VILLAGUAY,JUBILEO,3254,-31.7335148,-58.6343880
20509,"KILMETRO 165",VICTORIA,,3153,,
20257,"KILOMETRO 108",URUGUAY,,3260,,
17922,"KILOMETRO 11",CONCORDIA,,3203,,
20262,"KILOMETRO 112",URUGUAY,,3260,,
17371,"KILOMETRO 114",COLON,,3280,,
20265,"KILOMETRO 115",URUGUAY,,3260,,
19872,"KILOMETRO 116",PARANA,,3132,,
19876,"KILOMETRO 131",PARANA,,3118,,
19879,"KILOMETRO 147",PARANA,,3118,,
19537,"KILOMETRO 148",NOGOYA,,3151,,
20622,"KILOMETRO 160",VILLAGUAY,,3142,,
20106,"KILOMETRO 180",TALA,,3174,,
20096,"KILOMETRO 183",TALA,,3176,,
20107,"KILOMETRO 189",TALA,,3174,,
20108,"KILOMETRO 192",TALA,,3174,,
20109,"KILOMETRO 200",TALA,,3177,,
20268,"KILOMETRO 208",URUGUAY,,3172,,
20097,"KILOMETRO 220",TALA,,3174,,
20271,"KILOMETRO 231",URUGUAY,,3170,,
17937,"KILOMETRO 24",CONCORDIA,,3203,,
20274,"KILOMETRO 242",URUGUAY,,3272,,
20278,"KILOMETRO 244",URUGUAY,,3272,,
17369,"KILOMETRO 25",COLON,,3177,,
20281,"KILOMETRO 253",URUGUAY,,3272,,
20288,"KILOMETRO 268",URUGUAY,,3263,,
20294,"KILOMETRO 270",URUGUAY,,3261,,
20628,"KILOMETRO 279",VILLAGUAY,,3240,,
19882,"KILOMETRO 28",PARANA,,3114,,
20297,"KILOMETRO 283",URUGUAY,,3263,,
20632,"KILOMETRO 284",VILLAGUAY,,3240,,
20636,"KILOMETRO 285",VILLAGUAY,,3240,,
20641,"KILOMETRO 288",VILLAGUAY,,3240,,
18598,"KILOMETRO 290",GUALEGUAY,,2841,,
20300,"KILOMETRO 293",URUGUAY,,3263,,
18602,"KILOMETRO 303",GUALEGUAY,,2841,,
17374,"KILOMETRO 305",COLON,,3265,,
18605,"KILOMETRO 306",GUALEGUAY,,2840,,
20646,"KILOMETRO 306",VILLAGUAY,,3252,,
17376,"KILOMETRO 310",COLON,,3280,,
8936,"KILOMETRO 311",GUALEGUAYCHU,,2820,,
17377,"KILOMETRO 311",COLON,,3269,,
17945,"KILOMETRO 32",CONCORDIA,,3200,,
17379,"KILOMETRO 322",COLON,,3280,,
17381,"KILOMETRO 324",COLON,,3280,,
20650,"KILOMETRO 325",VILLAGUAY,,3254,,
17953,"KILOMETRO 329",CONCORDIA,,3212,,
17961,"KILOMETRO 33",CONCORDIA,,3203,,
17970,"KILOMETRO 333",CONCORDIA,,3212,,
17382,"KILOMETRO 336",COLON,,3280,,
17384,"KILOMETRO 337",COLON,,3269,,
8937,"KILOMETRO 340",GUALEGUAYCHU,,2848,,
17976,"KILOMETRO 342",CONCORDIA,,3200,,
8736,"KILOMETRO 343",CONCORDIA,,3216,,
18174,"KILOMETRO 344",CONCORDIA,,3212,,
17386,"KILOMETRO 344",COLON,,3269,,
18176,"KILOMETRO 347",CONCORDIA,,3200,,
17387,"KILOMETRO 353",COLON,,3218,,
17980,"KILOMETRO 355",CONCORDIA,,3216,,
8938,"KILOMETRO 361",GUALEGUAYCHU,,2848,,
18389,"KILOMETRO 37",FEDERACION,,3204,,
17983,"KILOMETRO 373",CONCORDIA,,3214,,
17991,"KILOMETRO 376",CONCORDIA,,3214,,
8939,"KILOMETRO 389",GUALEGUAYCHU,,2846,,
18333,"KILOMETRO 43",DIAMANTE,,3116,,
18390,"KILOMETRO 44",FEDERACION,,3204,,
19886,"KILOMETRO 45",PARANA,,3116,,
17388,"KILOMETRO 45",COLON,,3287,,
18392,"KILOMETRO 47",FEDERACION,,3206,,
17389,"KILOMETRO 49",COLON,,3280,,
17391,"KILOMETRO 50",COLON,,3287,,
18394,"KILOMETRO 51",FEDERACION,,3206,,
17393,"KILOMETRO 56",COLON,,3285,,
18002,"KILOMETRO 6",CONCORDIA,,3201,,
18399,"KILOMETRO 84",FEDERACION,,3228,,
17395,"KILOMETRO 86",COLON,,3285,,
17397,"KILOMETRO 88",COLON,,3280,,
17398,"KILOMETRO 89",COLON,,3285,,
17400,"KILOMETRO 99",COLON,,3283,,
8737,"LA ALICIA",CONCORDIA,,3212,,
20304,"LA AMIGUITA",URUGUAY,,3244,,
8832,"LA ARGENTINA",FEDERACION,,2846,,
9114,"LA BALSA",PARANA,,3113,-31.6761101,-60.3393113
19894,"LA BALSA PARANA",PARANA,,3113,,
20309,"LA BARRACA",URUGUAY,,3260,,
18406,"LA BLANQUEADA",FEDERACION,,3224,,
8940,"LA CALERA",GUALEGUAYCHU,,2823,,
8833,"LA CALERA",FEDERACION,,3272,,
18798,"LA CAPILLA",GUALEGUAYCHU,,3246,-32.5964127,-58.8737183
8680,"LA CARLOTA",COLON,,3218,,
8941,"LA CHICA",GUALEGUAYCHU,,2824,,
8681,"LA CLARITA",COLON,"LA CLARITA",3269,-31.9771309,-58.3932304
9060,"LA COLINA",NOGOYA,,3158,,
9115,"LA COLMENA",PARANA,,3134,-31.5467152,-59.7170682
8738,"LA COLORADA",CONCORDIA,,3212,,
19539,"LA CORVINA",NOGOYA,,3150,,
8942,"LA COSTA",GUALEGUAYCHU,,2852,,
8739,"LA CRIOLLA",CONCORDIA,"LA CRIOLLA",3212,-31.2692528,-58.1064224
8943,"LA CUADRA",GUALEGUAYCHU,,2823,,
9017,"LA DILIGENCIA","LA PAZ",,3142,,
8740,"LA EMILIA",CONCORDIA,,3212,,
9287,"LA ENCIERRA",FEDERAL,,3144,-31.1917272,-59.1246395
8944,"LA ESCONDIDA",GUALEGUAYCHU,,2826,,
8864,"LA ESMERALDA",FELICIANO,"LA ESMERALDA",3187,-30.2824540,-58.6075250
9288,"LA ESTRELLA",VILLAGUAY,,3254,,
9061,"LA FAVORITA",NOGOYA,,3158,,
19549,"LA FLORENCIA",NOGOYA,,3151,,
8945,"LA FLORIDA",GUALEGUAYCHU,,2824,,
18380,"LA FLORIDA",FEDERACION,"LA FLORIDA",3229,-30.6714920,-58.0159310
18427,"LA FRATERNIDAD Y SANTA JUANA",FEDERACION,"LA FRATERNIDAD Y SANTA JUANA",3228,-30.6465990,-58.1258350
20312,"LA GOYA",URUGUAY,,3260,,
8741,"LA GRANJA",CONCORDIA,,3212,,
8865,"LA HIERRA",FELICIANO,"LA HIERRA",3183,-30.4565430,-58.4330550
19552,"LA ILUSION",NOGOYA,"DISTRITO SAUCE",3150,,
8742,"LA INVERNADA",CONCORDIA,,3212,,
20653,"LA JOYA",VILLAGUAY,,3244,,
9116,"LA JULIANA",PARANA,,3134,,
8946,"LA LATA",GUALEGUAYCHU,,2820,,
9062,"LA LLAVE",NOGOYA,,3158,,
19557,"LA LOMA",NOGOYA,,3151,,
9212,"LA MARIA LUISA",URUGUAY,,3261,,
9063,"LA MARUJA A",NOGOYA,,3151,,
8743,"LA NOBLEZA",CONCORDIA,,3212,,
8744,"LA ODILIA",CONCORDIA,,3212,,
20120,"LA OLLITA",TALA,"LA OLLITA",3174,-32.4177600,-59.1599700
9289,"LA PAMPA",VILLAGUAY,,3254,,
9018,"LA PAZ","LA PAZ","LA PAZ",3190,-30.7436352,-59.6445732
8745,"LA PERLA",CONCORDIA,,3216,,
9117,"LA PICADA",PARANA,"LA PICADA",3118,-31.7267100,-60.2971790
9118,"LA PICADA NORTE",PARANA,,3118,,
8746,"LA QUERENCIA",CONCORDIA,,3212,-31.0728815,-58.4399133
8747,"LA QUINTA",CONCORDIA,,3216,,
8748,"LA ROSADA",CONCORDIA,,3201,-31.5603850,-58.0377349
17511,"LA S DIEZ CASAS",COLON,,3269,,
18411,"LA SELVA",FEDERACION,,3185,,
20313,"LA SESTEADA",URUGUAY,,3260,,
18413,"LA SOLEDAD",FEDERACION,,3229,,
17509,"LA SUIZA",COLON,,3280,,
9213,"LA TIGRESA",URUGUAY,,3260,,
8866,"LA VERBENA",FELICIANO,"LA VERBENA",3185,-30.4898090,-58.5938200
9119,"LA VIRGINIA",PARANA,,3134,,
9214,"LA ZELMIRA",URUGUAY,,2820,,
27838,"LAGUNA BENITEZ",FELICIANO,"LAGUNA BENITEZ",3183,-30.6304880,-58.6525550
9244,"LAGUNA DEL PESCADO",VICTORIA,"LAGUNA DEL PESCADO",3155,-32.6900340,-60.0118360
20659,"LAGUNA LARGA",VILLAGUAY,,3241,-31.4974851,-58.9393433
8834,LAMARCA,FEDERACION,,3206,,
27760,LAMBARE,GUALEGUAY,,2841,,
8947,LARROQUE,GUALEGUAYCHU,LARROQUE,2854,-33.0368843,-59.0071526
8854,"LAS ACHIRAS",FEDERAL,,3281,-31.0044737,-59.1678937
8895,"LAS BATEAS",GUALEGUAY,,2840,,
8835,"LAS CATORCE",FEDERACION,,3228,,
8896,"LAS COLAS",GUALEGUAY,,2841,,
27761,"LAS COLONIAS","SAN SALVADOR",,3254,,
8794,"LAS CUEVAS",DIAMANTE,"LAS CUEVAS",3101,-32.3342280,-60.4872900
9120,"LAS GARZAS",PARANA,"LAS GARZAS",3136,-31.4287140,-59.7457890
9167,"LAS GUACHAS",TALA,"LAS GUACHAS",3174,-32.4700080,-59.1726630
8867,"LAS LAGUNAS",FELICIANO,,3187,,
9019,"LAS LAGUNAS","LA PAZ",,3191,,
8948,"LAS MASITAS",GUALEGUAYCHU,,2828,,
9215,"LAS MERCEDES",GUALEGUAYCHU,"LAS MERCEDES",2854,-33.1632068,-58.9007406
8949,"LAS MERCEDES",URUGUAY,,3272,-33.1632070,-58.9007410
8749,"LAS MOCHAS",CONCORDIA,,3216,,
9216,"LAS MOSCAS",URUGUAY,"LAS MOSCAS",3244,-32.0917244,-58.9572067
8868,"LAS MULITAS",FELICIANO,"LAS MULITAS",3191,-30.3192110,-59.0613240
20661,"LAS PAJITAS",VILLAGUAY,,3240,-31.9202588,-59.3567095
8836,"LAS PEÑAS",FEDERACION,,3206,,
9217,"LAS ROSAS",URUGUAY,,2828,,
8750,"LAS TEJAS",CONCORDIA,CONCORDIA,3201,-31.4119400,-58.0740082
9020,"LAS TOSCAS","LA PAZ","LAS TOSCAS",3191,-30.4945832,-59.1021981
9121,"LAS TUNAS",PARANA,"LAS TUNAS",3111,-31.8706100,-59.7324360
9064,LAURENCENA,NOGOYA,LAURENCENA,3150,-32.2244590,-59.7171680
8897,LAZO,GUALEGUAY,"ESTACION LAZO",2841,-32.8718400,-59.4223490
8751,LESCA,CONCORDIA,,3200,,
9218,LIBAROS,URUGUAY,"ESTACION LIBAROS",3244,-32.2629480,-58.9066110
19020,"LIBERTADOR GRAL SAN MARTIN","ISLAS DEL IBICUY",,2846,,
9219,LIEBIG,URUGUAY,,3281,,
20327,"LINEA 19",URUGUAY,,3244,,
20329,"LINEA 20",URUGUAY,,3244,,
20334,"LINEA 24",URUGUAY,,3170,,
20338,"LINEA 25",URUGUAY,,3170,,
20343,LIONEL,URUGUAY,,3244,,
27835,"LOMA LIMPIA",FEDERAL,,3188,-30.8173857,-59.0402026
8752,"LOMA NEGRA",CONCORDIA,,3212,-31.2147404,-58.2076416
8837,"LOMAS BLANCAS",FEDERACION,,3185,,
27962,"LOS ALGARROBOS",VILLAGUAY,"PARAJE LOS ALGARROBOS",3138,-31.5406984,-59.3419903
8950,"LOS AMIGOS",GUALEGUAYCHU,,2828,,
8753,"LOS BRILLANTES",CONCORDIA,,3212,,
18335,"LOS BURGOS APEADERO FCGU",DIAMANTE,"AREA SIN GOBIERNO",3116,,
27828,"LOS CEIBOS",URUGUAY,TALA,3261,-32.6184140,-58.4211290
8754,"LOS CHARRUAS",CONCORDIA,"LOS CHARRUAS",3212,-31.1687756,-58.1898994
8838,"LOS CONQUISTADORES",FEDERACION,"LOS CONQUISTADORES",3183,-30.5915108,-58.4675751
9245,"LOS GANSOS",VICTORIA,,3101,,
9122,"LOS NARANJOS",PARANA,,3134,,
9290,"LOS OMBUES",VILLAGUAY,,3241,,
9065,"LOS PARAISOS",NOGOYA,,3158,,
18414,"LOS PARAISOS",FEDERACION,,3228,,
18101,"LOS SAUER",CONCORDIA,,3200,,
9066,"LUCAS GONZALEZ",NOGOYA,"LUCAS GONZALEZ",3158,-32.3859367,-59.5306702
9067,"LUCAS NORESTE",NOGOYA,,3216,,
20662,"LUCAS NORTE",VILLAGUAY,"LUCAS NORTE",3241,-31.4301880,-58.9728510
9291,"LUCAS SUR 1RA SECCION",VILLAGUAY,"LUCAS SUR PRIMERO",3241,-31.6283550,-58.8976890
9298,"LUCAS SUR 2DA SECCION",VILLAGUAY,"LUCAS SUR SEGUNDO",3240,-31.6093790,-58.8423080
18842,"LUCIENVILLE 1",GUALEGUAYCHU,,2828,,
18845,"LUCIENVILLE 2",GUALEGUAYCHU,,2828,,
18847,"LUCIENVILLE 3",GUALEGUAYCHU,,2828,,
18849,"LUCIENVILLE 4",GUALEGUAYCHU,,2828,,
9220,"MAC DOUGALL",URUGUAY,,3244,,
8869,"MAC KELLER",FELICIANO,,3187,,
9021,MANANTIALES,FELICIANO,,3191,,
18416,MANDISOVI,FEDERACION,,3228,-30.8023834,-58.1373749
9221,MANGRULLO,URUGUAY,,3248,,
9123,"MARIA GRANDE",PARANA,"MARIA GRANDE",3133,-31.6648121,-59.9010239
9124,"MARIA GRANDE PRIMERA",PARANA,,3111,,
9125,"MARIA GRANDE SEGUNDA",PARANA,"MARIA GRANDE 2",3133,-31.6510070,-59.5644560
9022,MARTINETTI,"LA PAZ",,3191,,
8682,"MARTINIANO LEGUIZAMON",COLON,,3285,,
9292,"MAURICIO RIBOLE",VILLAGUAY,,3216,,
8951,MAZARUCA,"ISLAS DEL IBICUY",,2846,-33.6076178,-59.2770909
8977,MEDANOS,"ISLAS DEL IBICUY",MEDANOS,2848,-33.4361000,-59.0675950
8870,MESA,FELICIANO,,3187,,
20663,"MIGUEL J PERLIZA",VILLAGUAY,,3246,,
9023,"MIRA MONTE","LA PAZ",,3191,,
20664,"MOJONES NORTE",VILLAGUAY,"MOJONES NORTE",3241,-31.5083240,-59.2008900
20667,"MOJONES SUR PRIMERO",VILLAGUAY,"MOJONES SUR",3241,-31.6658050,-59.3086700
20670,"MOJONES SUR SEGUNDO",VILLAGUAY,,3241,,
20098,"MOLINO BOB",TALA,,3174,,
9246,"MOLINO DOLL",VICTORIA,"MOLINO DOLL",3101,-32.3100410,-60.4202060
18418,"MONTE CHICO",FEDERACION,,3206,,
27841,"MONTE REDONDO",GUALEGUAY,"MONTE REDONDO O 7 DISTRITO",2840,-32.9533176,-59.7538012
18420,"MONTE VERDE",FEDERACION,,3228,,
9024,MONTIEL,"LA PAZ",,3191,-30.5113735,-59.1326447
9068,MONTOYA,NOGOYA,,3150,,
9247,MONTOYA,VICTORIA,MONTOYA,3151,-32.6411400,-59.8743780
27839,"MULAS GRANDES",FELICIANO,"MULAS GRANDES",3187,-30.3681120,-59.1506760
8952,ÑANDUBAYSAL,GUALEGUAYCHU,,2821,,
9222,"NICOLAS HERRERA",URUGUAY,,3272,,
9069,NOGOYA,NOGOYA,NOGOYA,3150,-32.3977852,-59.7932320
20362,"NOVIBUCO PRIMERO",URUGUAY,,3170,,
8755,"NUEVA ESCOCIA",CONCORDIA,"NUEVA ESCOCIA",3201,-31.6473160,-58.0158130
18422,"NUEVA VIZCAYA",FEDERAL,"NUEVA VIZCAYA",3212,-30.9685150,-58.6127480
9025,OMBU,"LA PAZ",OMBU,3190,-30.4670870,-59.2427300
9127,"ORO VERDE",PARANA,"ORO VERDE",3100,-31.8257360,-60.5182730
8756,"OSVALDO MAGNASCO",CONCORDIA,CONCORDIA,3212,-31.3130427,-58.0592889
8795,"PAJA BRAVA",DIAMANTE,,3101,,
8871,"PAJAS BLANCAS",FELICIANO,,3187,,
9248,PAJONAL,VICTORIA,PAJONAL,3101,-32.3615980,-60.2778770
9223,"PALACIO SAN JOSE",URUGUAY,,3262,,
8953,PALAVECINO,GUALEGUAYCHU,,2820,-32.9463252,-58.6400279
8683,PALMAR,COLON,,3285,-31.9963342,-58.2952693
8684,"PALMAR YATAY",COLON,,3287,,
8872,"PALO A PIQUE",FELICIANO,,3191,-30.4223633,-58.8987160
9128,PARACAO,PARANA,,3100,,
9293,"PARAJE GUAYABO",VILLAGUAY,,3240,,
18853,"PARAJE PALAVEROI",GUALEGUAYCHU,,2805,,
9129,PARANA,PARANA,PARANA,3100,-31.7391872,-60.5207100
8954,"PARANA BRAVO",GUALEGUAYCHU,,2805,,
8978,PARANACITO,"ISLAS DEL IBICUY",,2846,,
17550,"PARQUE NACIONAL EL PALMAR",COLON,,3280,,
18883,"PASAJE TALAVERA",GUALEGUAYCHU,,2804,,
19966,"PASO DE LA ARENA",PARANA,"PASO DE LA ARENA",3118,-31.7537320,-60.1764900
19970,"PASO DE LA BALZA",PARANA,,3113,,
20672,"PASO DE LA LAGUNA",VILLAGUAY,"PASO DE LA LAGUNA",3241,-31.8057650,-59.1651610
20673,"PASO DE LA LEGUA",VILLAGUAY,,3240,,
19972,"PASO DE LAS PIEDRAS",PARANA,"PASO DE LAS PIEDRAS",3118,-31.7008190,-60.0930890
20525,"PASO DEL ABRA",VICTORIA,,3153,,
8955,"PASO DEL CISNERO",GUALEGUAYCHU,,2846,,
18122,"PASO DEL GALLO",CONCORDIA,,3212,-30.9409680,-58.3809123
20369,"PASO DEL MOLINO",URUGUAY,,3260,,
27836,"PASO DUARTE",FEDERAL,"PASO DUARTE",3181,-31.2624460,-58.6721570
19245,"PASO GARIBALDI","LA PAZ",,3192,,
18129,"PASO MARGARIÑOS",CONCORDIA,,3200,,
19249,"PASO MEDINA","LA PAZ",,3190,-30.9251270,-59.5597115
19252,"PASO POTRILLO","LA PAZ",,3127,-31.1481046,-59.7872058
19255,"PASO PUERTO AUGUSTO","LA PAZ",,3190,,
18139,"PASO SOCIEDAD",CONCORDIA,,3181,,
19263,"PASO TELEGRAFO","LA PAZ",,3194,-30.3543244,-59.5144631
8956,"PASTOR BRITOS",GUALEGUAYCHU,"PASTOR BRITOS",2826,-32.7697430,-58.9070200
8758,PEDERMAR,CONCORDIA,,3203,,
8759,PEDERNAL,CONCORDIA,PEDERNAL,3203,-31.6714730,-58.2307910
8957,"PEHUAJO NORTE",GUALEGUAYCHU,,2821,,
8958,"PEHUAJO SUD",GUALEGUAYCHU,,2854,,
8959,PERDICES,GUALEGUAYCHU,PERDICES,2823,-33.2997704,-58.7051849
8685,"PERUCHO VERNA",COLON,,3283,-32.1735522,-58.2337953
18898,"PESQUERIA DIAMANTINO",GUALEGUAYCHU,,2820,,
27844,"PICADA BERON","LA PAZ","PICADA BERON",3190,-30.8451710,-59.3722760
9026,"PIEDRAS BLANCAS","LA PAZ","PIEDRAS BLANCAS",3129,-31.1824398,-59.9516106
9027,"PILOTO AVILA","LA PAZ",,3190,-30.7468673,-59.5864351
8686,"POS POS",COLON,,3285,,
9028,"PRIMER CONGRESO","LA PAZ",,3142,,
20099,"PRIMER CUARTEL",TALA,,3174,,
18578,"PRIMER DISTRITO",GUALEGUAY,,2840,,
9225,PRONUNCIAMIENTO,URUGUAY,PRONUNCIAMIENTO,3263,-32.3456510,-58.4438590
9070,PUEBLITO,NOGOYA,,3164,,
9249,"PUEBLITO NORTE",VICTORIA,,3155,,
8983,"PUEBLO ARRUA EST ALCARAZ","LA PAZ",ALCARAZ,3138,-31.4565890,-59.5991389
9131,"PUEBLO BELLOCQ",PARANA,"LAS GARZAS",3136,-31.4306412,-59.7434502
9132,"PUEBLO BRUGO",PARANA,"PUEBLO BRUGO",3125,-31.3884659,-60.0915794
8687,"PUEBLO CAZES",COLON,"PUEBLO CAZES",3269,-32.0030490,-58.4934830
8688,"PUEBLO COLORADO",COLON,"SAN JOSE",3281,-32.1819017,-58.1918562
20674,"PUEBLO DOMINGUEZ",VILLAGUAY,,3246,-31.9854710,-58.9634760
9029,"PUEBLO ELLISON","LA PAZ",,3142,,
8760,"PUEBLO FERRE",CONCORDIA,,3216,-31.4449629,-58.4247959
8796,"PUEBLO GENERAL BELGRANO",GUALEGUAYCHU,"PUEBLO GENERAL BELGRANO",2821,-33.0162890,-58.4760440
9133,"PUEBLO GENERAL PAZ",PARANA,,3123,-31.5325537,-60.0503451
8689,"PUEBLO LIEBIG",COLON,"PUEBLO LIEBIG S",3281,-32.1510620,-58.1905785
9134,"PUEBLO MORENO",PARANA,,3122,-31.5884914,-60.0648929
8960,"PUEBLO NUEVO",GUALEGUAYCHU,,2820,,
20383,"PUEBLO NUEVO",URUGUAY,,3170,-32.3837242,-58.8596497
27762,"PUEBLO PRIMERO",TALA,,3174,,
19985,"PUENTE CARMONA",PARANA,,3118,,
17569,"PUENTE DE GUALEGUAYCHU",COLON,,3265,,
18336,"PUENTE DE LAS PENCAS",DIAMANTE,,3101,,
20675,"PUENTE DE LUCAS",VILLAGUAY,,3216,,
19988,"PUENTE DEL CHAÑAR",PARANA,,3111,,
18339,"PUENTE DEL DOLL",DIAMANTE,,3101,,
18906,"PUENTE ÑANCAY","ISLAS DEL IBICUY",ÑANCAY,2823,-33.4486460,-58.6696420
20100,"PUENTE OBISPO",TALA,,3174,,
8961,"PUENTE PARANACITO",GUALEGUAYCHU,,2823,,
18608,"PUENTE PELLEGRINI",GUALEGUAY,,2840,,
9250,"PUENTE VICTORIA",VICTORIA,,3153,,
8898,"PUERTA DE CRESPO",GUALEGUAY,,3155,-32.8253081,-59.7429028
19280,"PUERTO ALGARROBO","LA PAZ","PUERTO ALGARROBO",3127,-31.1109540,-59.8467250
18424,"PUERTO ALGARROBO",FEDERACION,,3206,,
17574,"PUERTO ALMIRON",COLON,,3281,,
18610,"PUERTO BARRILES",GUALEGUAY,,2840,,
19288,"PUERTO CADENAS","LA PAZ",,3192,,
20389,"PUERTO CAMPINCHUELO",URUGUAY,,3261,,
17578,"PUERTO COLORADO",COLON,,3280,,
8979,"PUERTO CONSTANZA","ISLAS DEL IBICUY",,2846,-33.8257753,-59.0264075
9135,"PUERTO CURTIEMBRE",PARANA,CURTIEMBRE,3113,-31.4630468,-60.1671125
18341,"PUERTO DIAMANTE",DIAMANTE,,3105,,
20531,"PUERTO ESQUINA",VICTORIA,,3155,-32.7970050,-59.9494126
19023,"PUERTO IBICUY","ISLAS DEL IBICUY",,2846,,
19294,"PUERTO LA ESMERALDA","LA PAZ",,3190,,
18342,"PUERTO LAS CUEVAS",DIAMANTE,,3101,-32.3342285,-60.4872902
20535,"PUERTO LOPEZ",VICTORIA,,3101,,
19036,"PUERTO MARQUEZ","LA PAZ",,3190,,
8962,"PUERTO PERAZZO",GUALEGUAYCHU,,2846,,
8899,"PUERTO RUIZ",GUALEGUAY,,2840,-33.2198402,-59.3630339
8963,"PUERTO SAN JUAN",GUALEGUAYCHU,,2846,,
8964,"PUERTO UNZUE",GUALEGUAYCHU,,2820,-33.0774574,-58.2129822
19989,"PUERTO VIBORAS",PARANA,,3129,-31.2695656,-60.0085653
19991,"PUERTO VIEJO",PARANA,,3100,,
20393,"PUERTO VIEJO",URUGUAY,,3260,,
19994,"PUERTO VILLARRUEL",PARANA,,3127,,
8761,"PUERTO YERUA",CONCORDIA,"PUERTO YERUA",3201,-31.5308340,-58.0128950
19301,"PUERTO YUNQUE","LA PAZ",,3190,,
8900,"PUNTA DEL MONTE",GUALEGUAY,"ALBARDON PUNTA DEL MONTE",2840,-33.0675200,-59.6436710
18159,"PUNTAS DE MOREIRA",CONCORDIA,,3181,,
8690,"PUNTAS DEL GUALEGUAYCHU",COLON,,3269,,
8691,"PUNTAS DEL PALMAR",COLON,,3280,,
20538,QUEBRACHITOS,VICTORIA,,3153,,
19997,QUEBRACHO,PARANA,QUEBRACHO,3109,-31.7961340,-60.2002470
18161,QUEBRACHO,CONCORDIA,,3212,,
9136,"QUINTAS AL SUD",PARANA,,3100,,
9251,"QUINTO CUARTEL VICTORIA",VICTORIA,,3153,,
8901,"QUINTO DISTRITO",GUALEGUAY,"QUINTO DISTRITO",2843,-32.7267000,-59.3927000
20676,RACHEL,VILLAGUAY,,3246,,
9294,"RAICES OESTE",VILLAGUAY,"RAICES OESTE",3241,-31.8467100,-59.5767710
9137,RAMBLON,PARANA,,3109,,
9138,"RAMON A PARERA",PARANA,,3118,-31.7480984,-60.4587135
20126,"RINCON DE LAS GUACHAS",TALA,,3174,,
9295,"RINCON DE MOJONES",VILLAGUAY,,3241,,
20541,"RINCON DE NOGOYA",VICTORIA,"RINCON DE NOGOYA",3155,-32.7840820,-59.9066010
18918,"RINCON DEL CINTO",GUALEGUAYCHU,"RINCON DEL CINTO",2826,-32.6617500,-58.7366740
9252,"RINCON DEL DOLL",VICTORIA,"RINCON DEL DOLL",3101,-32.3626230,-60.3453550
8965,"RINCON DEL GATO",GUALEGUAYCHU,"RINCON DEL GATO",2821,-32.6976770,-58.6174490
18620,"RINCON DEL NOGOYA SUR",GUALEGUAY,,2840,,
20679,"RINCON LUCAS NORTE",VILLAGUAY,,3241,,
20680,"RINCON LUCAS SUD",VILLAGUAY,,3241,-31.6520732,-59.1062336
18648,"RIO AGUILA",GUALEGUAYCHU,,2805,,
18930,"RIO ALFEREZ NELSON PAGE",GUALEGUAYCHU,,2805,,
18931,"RIO CEIBO",GUALEGUAYCHU,,2805,,
18938,"RIO PARANA GUAZU","ISLAS DEL IBICUY",,2805,,
18878,"RIO PASAJE AL AGUILA",GUALEGUAYCHU,,2805,,
18941,"RIO SAUCE",GUALEGUAYCHU,,2805,,
18947,"RIO TALAVERA",GUALEGUAYCHU,,2805,,
8799,RIVAS,DIAMANTE,,3164,,
9226,ROCAMORA,URUGUAY,ROCAMORA,3172,-32.3459730,-58.9697450
9169,"ROSARIO DEL TALA",TALA,"ROSARIO DEL TALA",3174,-32.3025475,-59.1438789
9296,ROSPINA,VILLAGUAY,,3246,,
20006,"RUTA 138 KILOMETRO 1",PARANA,,3100,,
8762,"RUTA 14 KM 443",CONCORDIA,,3201,,
18950,SAGASTUME,GUALEGUAYCHU,,2823,,
9227,SAGASTUME,URUGUAY,,3246,-32.0579567,-58.7691650
8902,"SALADERO ALZUA",GUALEGUAY,,2840,,
8763,"SALADERO CONCORDIA",CONCORDIA,,3200,,
8903,"SALADERO SAN JOSE",GUALEGUAY,,2840,,
8692,"SAN ANSELMO",COLON,"COLONIA SAN ANSELMO Y ALEDAÑAS",3281,-32.3326490,-58.1803690
8966,"SAN ANTONIO",GUALEGUAYCHU,,2826,,
9030,"SAN ANTONIO","LA PAZ",,3191,,
9139,"SAN BENITO",PARANA,"SAN BENITO",3107,-31.7835846,-60.4407654
8764,"SAN BUENAVENTURA",CONCORDIA,,3212,,
9228,"SAN CIPRIANO",URUGUAY,"SAN CIPRIANO",3263,-32.3417330,-58.3544680
8800,"SAN FRANCISCO",DIAMANTE,,3101,,
8693,"SAN FRANCISCO",COLON,,3265,,
9031,"SAN GERONIMO","LA PAZ",,3191,,
8694,"SAN GREGORIO",COLON,,3203,,
9032,"SAN GUSTAVO","LA PAZ","SAN GUSTAVO",3191,-30.6905251,-59.3992157
8839,"SAN JAIME",FEDERACION,,3185,-30.3379192,-58.3066406
8840,"SAN JAIME DE LA FRONTERA",FEDERACION,"SAN JAIME DE LA FRONTERA",3185,-30.3396273,-58.3080916
8765,"SAN JORGE",CONCORDIA,,3212,,
8695,"SAN JOSE",COLON,"SAN JOSE",3283,-32.2093239,-58.2188644
8873,"SAN JOSE DE FELICIANO",FELICIANO,,3187,-30.3852713,-58.7515720
9033,"SAN JUAN","LA PAZ",,3191,,
8766,"SAN JUAN LA QUERENCIA",CONCORDIA,,3212,,
8904,"SAN JULIAN",GUALEGUAY,,2841,,
9229,"SAN JUSTO",URUGUAY,"SAN JUSTO",3260,-32.4463200,-58.4359140
9071,"SAN LORENZO",NOGOYA,,3158,,
8874,"SAN LUIS SAN JOSE FELICIANO",FELICIANO,"SAN JOSE DE FELICIANO",3187,,
9230,"SAN MARTIN",URUGUAY,,3111,,
20012,"SAN MARTIN",PARANA,,3113,,
8696,"SAN MIGUEL",COLON,"SAN MIGUEL",3269,-32.0465965,-58.5772247
8697,"SAN MIGUEL NRO 2",COLON,,3269,,
8841,"SAN PEDRO",FEDERACION,"SAN PEDRO",3212,-30.7571890,-58.0818710
9034,"SAN RAMIREZ","LA PAZ","SAN RAMIREZ",3191,-30.4634140,-59.3408580
27833,"SAN ROQUE",FEDERACION,"SAN ROQUE",3228,-30.7068100,-57.8878490
8698,"SAN SALVADOR","SAN SALVADOR","SAN SALVADOR",3218,-31.6255226,-58.5040738
9297,"SAN VICENTE",VILLAGUAY,,3252,,
8875,"SAN VICTOR",FELICIANO,"SAN VICTOR",3191,-30.4869280,-59.0316520
8801,"SANATORIO ADVENTISTA DEL PLATA",DIAMANTE,,3103,,
18344,"SANATORIO APEADERO FCGU",DIAMANTE,,3101,,
8842,"SANTA ANA",FEDERACION,"SANTA ANA",3208,-30.9009552,-57.9314537
9231,"SANTA ANITA",URUGUAY,"SANTA ANITA",3248,-32.1759415,-58.7856941
9035,"SANTA ELENA","LA PAZ","SANTA ELENA",3192,-30.9472542,-59.7877922
19318,"SANTA INES","LA PAZ",,3191,,
8699,"SANTA INES",COLON,,3285,,
8767,"SANTA ISABEL",CONCORDIA,,3203,,
27837,"SANTA LUCIA",FEDERAL,"SANTA LUCIA",3183,-30.8744670,-58.5230860
9140,"SANTA LUISA",PARANA,"SANTA LUISA",3133,-31.7679240,-59.7292500
9036,"SANTA MARIA","LA PAZ",,3191,,
8905,"SANTA MARTA",GUALEGUAY,,2840,,
9232,"SANTA ROSA",URUGUAY,,3248,,
17611,"SANTA ROSA",COLON,,3252,,
9141,"SANTA SARA",PARANA,,3134,,
8967,SARANDI,GUALEGUAYCHU,,2821,-33.0468242,-58.6056927
8843,SARANDI,FEDERACION,,3228,,
9037,"SARANDI CORA","LA PAZ",,3190,,
8855,"SAUCE DE LUNA",FEDERAL,"SAUCE DE LUNA",3144,-31.2414150,-59.2169189
9142,"SAUCE MONTRULL",PARANA,"SAUCE MONTRULL",3118,-31.7463190,-60.3552300
20102,"SAUCE NORTE",TALA,,3174,-32.4642081,-59.1722898
18166,"SAUCE NORTE",CONCORDIA,,3183,,
9143,"SAUCE PINTO",PARANA,"SAUCE PINTO",3107,-31.8442990,-60.3747480
9170,"SAUCE SUR",TALA,"SAUCE SUR",2845,-32.6637365,-59.2126473
27960,SAUCESITO,"LA PAZ",SAUCESITO,3191,-30.6341370,-59.2612630
9073,"SECCION URQUIZA",NOGOYA,,3109,,
9144,SEGUI,PARANA,SEGUI,3117,-31.9570522,-60.1286316
20103,"SEGUNDO CUARTEL",TALA,,3174,,
18581,"SEPTIMO DISTRITO",GUALEGUAY,,2840,,
19392,"SEPTIMO DISTRITO",NOGOYA,,3150,,
18629,"SEXTO DISTRITO",GUALEGUAY,,3155,,
17616,"SEXTO DISTRITO COLON",COLON,,3287,,
9038,"SIR LEONARD","LA PAZ","SIR LEONARD",3142,-31.3896680,-59.5032120
9146,SOSA,PARANA,SOSA,3133,-31.7385740,-59.9115080
9299,SPINDOLA,VILLAGUAY,,3252,,
8802,STROBEL,DIAMANTE,DIAMANTE,3101,-32.0560417,-60.6136627
18169,"SUBCENTRAL SANTA MARIA",CONCORDIA,,3180,,
18430,SURST,FEDERACION,,3228,,
8768,"TABLADA NORTE",CONCORDIA,,3200,,
8769,"TABLADA OESTE",CONCORDIA,,3200,,
9147,TABOSSI,PARANA,TABOSSI,3111,-31.8046417,-59.9373856
9039,"TACUARAS YACARE","LA PAZ",,3190,,
9233,TALITA,URUGUAY,,3261,-32.5285100,-58.2957899
8968,TALITAS,GUALEGUAYCHU,"DISTRITO TALITAS",2852,-33.0741670,-58.5048800
9148,TALITAS,PARANA,,3136,,
8876,TASES,FELICIANO,,3187,,
27749,TATUTI,FEDERACION,,3229,,
9149,"TEZANOS PINTO",PARANA,"TEZANOS PINTO",3114,-31.8719425,-60.4947281
9150,"TIRO FEDERAL",PARANA,,3100,,
9234,"TOMAS ROCAMORA",URUGUAY,,3261,,
20429,"TRES ALDEAS",URUGUAY,,3170,,
8906,"TRES BOCAS",GUALEGUAY,,3155,-32.7146978,-59.6883168
18976,"TRES ESQUINAS",GUALEGUAYCHU,,2820,-32.9161086,-58.7491089
9253,"TRES ESQUINAS",VICTORIA,,3156,,
9151,"TRES LAGUNAS",PARANA,,3113,,
8856,"TTE PRIMERO BRIGIO CAINZO",FEDERAL,,3212,,
8700,UBAJAY,COLON,UBAJAY,3287,-31.7911491,-58.3155212
8969,URDINARRAIN,GUALEGUAYCHU,URDINARRAIN,2826,-32.6823769,-58.8908119
9300,VERGARA,VILLAGUAY,,3252,,
9152,VIALE,PARANA,VIALE,3109,-31.8688316,-60.0088158
8877,VIBORAS,FELICIANO,,3187,-30.3845696,-58.6313390
9254,VICTORIA,VICTORIA,VICTORIA,3153,-32.6197090,-60.1563416
8803,"VILLA AIDA",DIAMANTE,,3103,,
27922,"VILLA ANGELICA",VICTORIA,VICTORIA,3151,,
8970,"VILLA ANTONY",GUALEGUAYCHU,,2820,,
9040,"VILLA BOREILO","LA PAZ",,3191,,
9301,"VILLA CLARA",VILLAGUAY,"VILLA CLARA",3252,-31.8293381,-58.8225708
8971,"VILLA DEL CERRO",GUALEGUAYCHU,,2821,,
8844,"VILLA DEL ROSARIO",FEDERACION,"VILLA DEL ROSARIO",3229,-30.7960911,-57.9121590
9302,"VILLA DOMINGUEZ",VILLAGUAY,"VILLA DOMINGUEZ",3246,-31.9861346,-58.9637521
18998,"VILLA ELEONORA",GUALEGUAYCHU,,2820,,
8701,"VILLA ELISA",COLON,"VILLA ELISA",3265,-32.1607475,-58.4043655
8972,"VILLA FAUSTINO M PARERA",GUALEGUAYCHU,,2824,,
9153,"VILLA FONTANA",PARANA,"VILLA FONTANA",3114,-31.9086470,-60.4683520
9154,"VILLA GOB LUIS ETCHEVEHERE",PARANA,"VILLA GOBERNADOR ETCHEVEHERE",3114,-31.9342860,-60.4279740
9155,"VILLA HERNANDARIAS",PARANA,,3127,-31.2324500,-59.9872580
20549,"VILLA LIBERTAD",VICTORIA,,3228,-32.5740820,-59.8035183
8804,"VILLA LIBERTADOR SAN MARTIN",DIAMANTE,"VILLA LIBERTADOR SAN MARTIN",3103,-32.0741158,-60.4640465
8973,"VILLA LILA",GUALEGUAYCHU,,2820,,
9235,"VILLA MANTERO",URUGUAY,"VILLA MANTERO",3272,-32.3984032,-58.7472267
8980,"VILLA PARANACITO","ISLAS DEL IBICUY","VILLA PARANACITO",2823,-33.7156240,-58.6597630
8857,"VILLA PERPER",FEDERAL,,3188,,
8878,"VILLA PORTEÑA",FELICIANO,,3191,,
8974,"VILLA ROMERO",GUALEGUAYCHU,,2824,,
20437,"VILLA SAN JUSTO",URUGUAY,,3262,-32.4463199,-58.4359138
9236,"VILLA SAN MARCIAL",URUGUAY,"SAN MARCIAL",3248,-32.1800620,-58.9301270
9237,"VILLA SAN MIGUEL",URUGUAY,,3272,,
9156,"VILLA SARMIENTO",PARANA,,3100,,
9074,"VILLA TRES DE FEBRERO",NOGOYA,,3150,,
9238,"VILLA UDINE",URUGUAY,,3262,,
9157,"VILLA URANGA",PARANA,,3100,-31.7701645,-60.4785652
9158,"VILLA URQUIZA",PARANA,"VILLA URQUIZA",3113,-31.6498528,-60.3792686
8770,"VILLA ZORRAQUIN",CONCORDIA,,3201,-31.3299512,-58.0174848
9303,VILLAGUAY,VILLAGUAY,VILLAGUAY,3240,-31.8678169,-59.0417824
9304,"VILLAGUAY ESTE",VILLAGUAY,,3244,-31.8914853,-58.9887924
9305,VILLAGUAYCITO,VILLAGUAY,,3218,,
18170,VILLAMIL,CONCORDIA,,3181,,
9306,VIRANO,VILLAGUAY,,3142,,
9041,VIZCACHERA,"LA PAZ",,3127,,
8771,"WALTER MOSS","SAN SALVADOR","WALTER MOSS",3216,-31.3646420,-58.6344410
9042,YACARE,"LA PAZ",YACARE,3190,-30.6036040,-59.5275200
8772,YAROS,CONCORDIA,,3212,-31.0730648,-58.3892708
8703,YATAY,COLON,,3281,,
8773,YERUA,CONCORDIA,,3214,,
9043,YESO,"LA PAZ",,3190,,
19349,"YESO OESTE","LA PAZ","YESO OESTE",3190,-31.0117120,-59.4288720
8774,YUQUERI,CONCORDIA,,3214,-31.3795920,-58.1222415
20687,"ZENON ROCA",VILLAGUAY,,3240,-31.5477615,-58.7719619
27600,"ZONA DELTA DEL PARANA","ISLAS DEL IBICUY","VILLA PARANACITO",2820,-33.6387532,-58.8276748
